{
    "ADRO.JK": {
        "ADRO.JK_DailyReturn": {
            "MAE": 0.010383572871913221,
            "MSE": 0.0002445186147155253,
            "RMSE": 0.015637090992749427,
            "R2": 0.5758750800805937
        },
        "ADRO.JK_Volatility": {
            "MAE": 0.003194477316072984,
            "MSE": 2.323632431513236e-05,
            "RMSE": 0.004820407069442617,
            "R2": 0.7618129025784488
        }
    },
    "BBCA.JK": {
        "BBCA.JK_DailyReturn": {
            "MAE": 0.006186252884575855,
            "MSE": 9.574272733576236e-05,
            "RMSE": 0.009784821272550785,
            "R2": 0.5574533015171392
        },
        "BBCA.JK_Volatility": {
            "MAE": 0.001818971552650545,
            "MSE": 9.200114186952003e-06,
            "RMSE": 0.0030331690007238308,
            "R2": 0.8119118439170641
        }
    },
    "TLKM.JK": {
        "TLKM.JK_DailyReturn": {
            "MAE": 0.0058866871733378,
            "MSE": 8.098010284288619e-05,
            "RMSE": 0.008998894534490678,
            "R2": 0.7338476170487839
        },
        "TLKM.JK_Volatility": {
            "MAE": 0.003276389085692991,
            "MSE": 3.0862285734407215e-05,
            "RMSE": 0.0055553834912098745,
            "R2": 0.4383194638175826
        }
    }
}